{
    "total_packets": 157,
    "protocols": {
        "UDP": 55,
        "TCP": 88,
        "Other": 1
    },
    "unique_src_ips": [
        "162.159.140.148",
        "192.168.7.22",
        "192.168.20.10",
        "192.168.20.37",
        "192.168.20.5",
        "192.168.20.19",
        "3.168.236.33",
        "52.182.143.214",
        "192.168.85.200",
        "104.18.41.158",
        "195.175.180.145",
        "172.64.146.98",
        "192.168.86.100",
        "172.66.0.146",
        "195.175.181.26",
        "20.189.173.11",
        "104.18.32.47",
        "13.107.246.45",
        "172.64.155.209",
        "92.38.180.107"
    ],
    "unique_dst_ips": [
        "162.159.140.148",
        "224.0.0.7",
        "192.168.7.22",
        "192.168.20.19",
        "3.168.236.33",
        "52.182.143.214",
        "192.168.85.200",
        "104.18.41.158",
        "195.175.180.145",
        "239.255.255.250",
        "172.64.146.98",
        "192.168.86.100",
        "172.66.0.146",
        "195.175.181.26",
        "20.189.173.11",
        "192.168.20.255",
        "104.18.32.47",
        "13.107.246.45",
        "162.159.200.123",
        "172.64.155.209",
        "224.0.0.251",
        "92.38.180.107",
        "224.0.0.22"
    ],
    "src_ip_counts": {
        "192.168.20.37": 31,
        "192.168.20.19": 57,
        "192.168.20.10": 2,
        "20.189.173.11": 1,
        "104.18.41.158": 2,
        "192.168.86.100": 4,
        "92.38.180.107": 5,
        "172.64.146.98": 1,
        "104.18.32.47": 1,
        "195.175.180.145": 3,
        "195.175.181.26": 2,
        "192.168.7.22": 5,
        "13.107.246.45": 4,
        "3.168.236.33": 4,
        "192.168.20.5": 4,
        "192.168.85.200": 1,
        "52.182.143.214": 14,
        "162.159.140.148": 1,
        "172.66.0.146": 1,
        "172.64.155.209": 1
    },
    "timestamps": [
        1742452117.004867,
        1742452117.259585,
        1742452117.414844,
        1742452117.619323,
        1742452118.606724,
        1742452118.80568,
        1742452119.053036,
        1742452120.091791,
        1742452120.102683,
        1742452120.791264,
        1742452120.8881,
        1742452120.948548,
        1742452120.964106,
        1742452120.980911,
        1742452120.998685,
        1742452121.075672,
        1742452121.088704,
        1742452121.430735,
        1742452121.441837,
        1742452123.048104,
        1742452123.456686,
        1742452123.994999,
        1742452124.16343,
        1742452124.176011,
        1742452125.094908,
        1742452125.200842,
        1742452125.216819,
        1742452125.309562,
        1742452126.555212,
        1742452126.555212,
        1742452126.555401,
        1742452126.555538,
        1742452126.859447,
        1742452126.86304,
        1742452127.043865,
        1742452127.045858,
        1742452127.051697,
        1742452127.051821,
        1742452127.053742,
        1742452127.669696,
        1742452129.088659,
        1742452129.498133,
        1742452130.675794,
        1742452130.970492,
        1742452130.980397,
        1742452130.980489,
        1742452130.981593,
        1742452130.984129,
        1742452132.468293,
        1742452133.082375,
        1742452134.36675,
        1742452135.027617,
        1742452135.4379,
        1742452136.136693,
        1742452136.136951,
        1742452136.139557,
        1742452136.139557,
        1742452136.140006,
        1742452136.142325,
        1742452136.142756,
        1742452136.142792,
        1742452137.17866,
        1742452137.380903,
        1742452137.857129,
        1742452137.857563,
        1742452137.857563,
        1742452137.857614,
        1742452137.85772,
        1742452137.857771,
        1742452137.869053,
        1742452138.031626,
        1742452138.295746,
        1742452138.407287,
        1742452138.918787,
        1742452139.021232,
        1742452139.327403,
        1742452139.352447,
        1742452139.360905,
        1742452139.361684,
        1742452139.386693,
        1742452139.523501,
        1742452139.523701,
        1742452139.524597,
        1742452139.70033,
        1742452139.70033,
        1742452139.70033,
        1742452139.70044,
        1742452139.702073,
        1742452139.702105,
        1742452139.704968,
        1742452139.934992,
        1742452139.936231,
        1742452139.936399,
        1742452139.936578,
        1742452139.936578,
        1742452139.963483,
        1742452139.963801,
        1742452140.097468,
        1742452140.097468,
        1742452140.099053,
        1742452140.126018,
        1742452140.180044,
        1742452140.818446,
        1742452140.821871,
        1742452140.989014,
        1742452140.997494,
        1742452140.997632,
        1742452140.998455,
        1742452141.002889,
        1742452141.0699,
        1742452141.08363,
        1742452141.479375,
        1742452141.683698,
        1742452141.990877,
        1742452143.014916,
        1742452143.015466,
        1742452144.098818,
        1742452144.44933,
        1742452144.455294,
        1742452144.467916,
        1742452144.766047,
        1742452144.778095,
        1742452145.267894,
        1742452146.804276,
        1742452147.008833,
        1742452147.418296,
        1742452147.648707,
        1742452149.056811,
        1742452150.490394,
        1742452150.662884,
        1742452151.003585,
        1742452151.02936,
        1742452151.104798,
        1742452152.896483,
        1742452152.896706,
        1742452152.896763,
        1742452152.896914,
        1742452152.911164,
        1742452153.050299,
        1742452153.459915,
        1742452154.04068,
        1742452154.054354,
        1742452154.242878,
        1742452155.098541
    ],
    "time_range": [
        1742452117.004867,
        1742452155.098541
    ]
}