{
    "total_packets": 7,
    "protocols": {
        "TCP": 7
    },
    "unique_src_ips": [
        "192.168.20.5",
        "35.174.127.31",
        "104.18.36.122"
    ],
    "unique_dst_ips": [
        "192.168.20.5",
        "35.174.127.31",
        "104.18.36.122"
    ],
    "src_ip_counts": {
        "35.174.127.31": 3,
        "192.168.20.5": 3,
        "104.18.36.122": 1
    },
    "timestamps": [
        1745311958.026395,
        1745311958.081392,
        1745311963.693984,
        1745311963.694392,
        1745311963.886246,
        1745311965.719951,
        1745311965.738524
    ],
    "time_range": [
        1745311958.026395,
        1745311965.738524
    ]
}